[
  {
    "name": "440LAM",
    "description": "440 г/м ламинированный баннер",
    "size": [
      "1100",
      "1370",
      "1600",
      "2200",
      "2500",
      "3200"
    ],
    "type": "banner"
  },
  {
    "name": "450LIT",
    "description": "450 г/м литой баннер",
    "size": [
      "1100",
      "1370",
      "1600",
      "2200",
      "2500",
      "3200"
    ],
    "type": "banner"
  },
  {
    "name": "510LIT",
    "description": "510 г/м литой баннер",
    "size": [
      "1100",
      "1370",
      "1600",
      "2200",
      "2500",
      "3200"
    ],
    "type": "banner"
  },
  {
    "name": "Mesh",
    "description": "Сетка Mesh",
    "size": [
      "1100",
      "1370",
      "1600",
      "2200",
      "2500",
      "3200"
    ],
    "type": "banner"
  },
  {
    "name": "ARB_GL",
    "description": "Самоклейка глянцевая ARB",
    "size": [
      "1060",
      "1270",
      "1370",
      "1520"
    ],
    "type": "vinyl"
  },
  {
    "name": "ARB_MAT",
    "description": "Самоклейка матовая ARB",
    "size": [
      "1060",
      "1270",
      "1370",
      "1520"
    ],
    "type": "vinyl"
  },
  {
    "name": "Oracal_GL",
    "description": "Самоклейка глянцевая Oracal",
    "size": [
      "1050",
      "1260",
      "1370",
      "1600"
    ],
    "type": "vinyl"
  },
  {
    "name": "Oracal_MAT",
    "description": "Самоклейка матовая Oracal",
    "size": [
      "1050",
      "1260",
      "1370",
      "1600"
    ],
    "type": "vinyl"
  },
  {
    "name": "Ritrama_GL",
    "description": "Самоклейка глянцевая Ritrama",
    "size": [
      "1050",
      "1260",
      "1400",
      "1600"
    ],
    "type": "vinyl"
  },
  {
    "name": "Ritrama_MAT",
    "description": "Самоклейка матовая Ritrama",
    "size": [
      "1050",
      "1260",
      "1400",
      "1600"
    ],
    "type": "vinyl"
  },
  {
    "name": "Orajet 3640_ProzrGL",
    "description": "Orajet 3640 прозрачный глянцевый",
    "size": [
      "1050",
      "1260",
      "1370",
      "1600"
    ],
    "type": "vinyl"
  },
  {
    "name": "Orajet 3640_ProzrMAT",
    "description": "Orajet 3640 прозрачный матовый",
    "size": [
      "1050",
      "1260",
      "1370",
      "1600"
    ],
    "type": "vinyl"
  },
  {
    "name": "Blue_back",
    "description": "Бумага Blue back",
    "size": [
      "1200",
      "1560"
    ],
    "type": "paper"
  },
  {
    "name": "Ritrama_ProzrGL",
    "description": "Ritrama прозрачная глянцевая",
    "size": [
      "1050",
      "1260",
      "1400",
      "1600"
    ],
    "type": "vinyl"
  },
  {
    "name": "Ritrama_ProzrMAT",
    "description": "Ritrama прозрачная матовая",
    "size": [
      "1050",
      "1260",
      "1400",
      "1600"
    ],
    "type": "vinyl"
  },
  {
    "name": "Cityk_150",
    "description": "Бумага City Light 150 г/м",
    "size": [
      "1270",
      "1600"
    ],
    "type": "paper"
  },
  {
    "name": "Cityk_200",
    "description": "Бумага City Light г/м",
    "size": [
      "1270",
      "1600"
    ],
    "type": "paper"
  },
  {
    "name": "holst natural",
    "description": "Холст натуральный",
    "size": [
      "1070",
      "1270",
      "1520"
    ],
    "type": "canvas"
  },
  {
    "name": "holst sintetic",
    "description": "Холст синтетический",
    "size": [
      "1070",
      "1270",
      "1520"
    ],
    "type": "canvas"
  },
  {
    "name": "Prozr. 3651",
    "description": "Прозрачная автопленка 3651",
    "size": [
      "1370"
    ],
    "type": "vinyl"
  },
  {
    "name": "White. 3651",
    "description": "Белая автопленка 3651",
    "size": [
      "1050",
      "1370"
    ],
    "type": "vinyl"
  }
]